"","user","item","rating","prediction","MAE"
"6","4380449","2818",2,"1.08407994889929",0.91592005110071
"8","913549","20168",2,"0.130874412057766",1.86912558794223
"16","4489932","25428",3,"0.346852303155659",2.65314769684434
"23","1573009","27886",3,"-0.915493159623353",3.91549315962335
"24","2667507","27886",2,"0.264919949273675",1.73508005072632
"28","2807294","27886",2,"0.516082881905233",1.48391711809477
"29","934348","27886",5,"1.69811567027607",3.30188432972393
"38","1642815","28871",3,"0.634490395518845",2.36550960448116
"47","3279032","29051",3,"2.20638287678387",0.79361712321613
"50","3260074","29051",3,"-0.797023807860297",3.7970238078603
"53","4616538","29051",2,"-0.361708736608413",2.36170873660841
"62","3680046","38266",5,"-0.781450919260258",5.78145091926026
"64","195859","38266",4,"-0.240114229090791",4.24011422909079
"73","505271","43109",3,"-0.741953438558236",3.74195343855824
"84","4691280","43980",3,"-0.595356610911705",3.5953566109117
"85","2807294","43980",5,"-0.128320417035987",5.12832041703599
"86","4579320","43980",3,"-0.456605111147073",3.45660511114707
"88","3314075","43980",2,"0.332153644336081",1.66784635566392
"91","187580","44129",1,"0.544508027441717",0.455491972558283
"93","3758910","44129",3,"1.77153570055282",1.22846429944718
"101","216385","44391",3,"-0.616601731522758",3.61660173152276
"105","4505941","46386",2,"1.45302561410713",0.54697438589287
"106","5694124","46386",3,"1.34292806996531",1.65707193003469
"110","4046972","46386",3,"0.159779777075182",2.84022022292482
"111","3192554","46386",4,"0.82827639335821",3.17172360664179
"115","1319480","47061",2,"-0.486140435740014",2.48614043574001
"126","1337537","48076",4,"-0.89677835196685",4.89677835196685
"128","1552059","48076",3,"1.16293089184766",1.83706910815234
"135","142145","49552",4,"1.15236121674952",2.84763878325048
"146","5299179","50515",3,"0.120730667075112",2.87926933292489
"149","3855104","50515",3,"-0.643399731847443",3.64339973184744
"156","4155386","50518",2,"0.73878344930459",1.26121655069541
"157","3595270","50518",3,"0.836325738543293",2.16367426145671
"168","1488099","50523",2,"-1.3231962176196",3.3231962176196
"170","2354909","50570",5,"0.51700032732451",4.48299967267549
"174","1468271","50570",3,"0.696493062616105",2.3035069373839
"176","2923773","50570",1,"0.184898550227701",0.815101449772299
"177","4260264","50570",3,"0.683035917524488",2.31696408247551
"188","3000454","52490",3,"0.319794674827117",2.68020532517288
"189","2965087","52490",1,"-1.10064205915722",2.10064205915722
"190","4117053","52490",4,"1.45063453411986",2.54936546588014
"196","1308801","53067",2,"0.937352085914411",1.06264791408559
"205","5647495","53671",3,"-0.807774917387393",3.80777491738739
"208","1141485","53692",1,"1.71302960477758",0.71302960477758
"219","3651457","55256",1,"-0.569346481980033",1.56934648198003
"225","3042726","55621",1,"2.15729761040864",1.15729761040864
"226","4901980","55621",1,"-0.941348640113845",1.94134864011385
"227","2724950","55621",2,"-0.114085070238778",2.11408507023878
"228","4363352","55621",5,"-0.0316604314389065",5.03166043143891
"233","3597538","55621",1,"-0.785081726473791",1.78508172647379
"235","3628337","55621",3,"0.468694585121552",2.53130541487845
"236","2976221","55703",3,"-0.184434621614366",3.18443462161437
"248","3718408","55709",3,"0.635285242930665",2.36471475706933
"254","2296088","55709",1,"1.75549411385972",0.75549411385972
"257","2105984","55807",3,"0.31953502842121",2.68046497157879
"261","2296088","55807",4,"-0.178198659760174",4.17819865976017
"273","3241444","56879",3,"-0.91567897181588",3.91567897181588
"285","3892074","58211",2,"1.90769016527401",0.0923098347259901
"288","3855104","58211",2,"0.451648090909115",1.54835190909089
"298","2369370","62015",1,"0.358741503364115",0.641258496635885
"300","4901980","62015",2,"-0.160248587461057",2.16024858746106
"305","2737248","62801",3,"0.307474561786493",2.69252543821351
"312","5604808","62801",1,"-0.0724029610422604",1.07240296104226
"321","3886755","63872",2,"-0.755756806037065",2.75575680603706
"324","571678","63872",3,"-0.786391957237431",3.78639195723743
"330","1337537","64736",1,"1.48689187083333",0.48689187083333
"332","195580","64736",4,"0.432754708987893",3.56724529101211
"334","1468271","64736",3,"-0.457309501242831",3.45730950124283
"339","4260264","64769",2,"1.99401587757279",0.00598412242720991
"342","922621","64769",4,"0.446073114265944",3.55392688573406
"345","5681109","64769",3,"0.737131393588757",2.26286860641124
"349","3955041","64769",2,"0.712294914211281",1.28770508578872
"356","1271678","67841",3,"0.342816550758263",2.65718344924174
"360","5720466","67841",3,"1.82022984998762",1.17977015001238
"367","2826744","68873",4,"-0.366532030253191",4.36653203025319
"381","2865695","73208",2,"-0.414403957797172",2.41440395779717
"389","468497","73208",2,"0.0868600360757713",1.91313996392423
"391","5062046","73917",1,"0.10540880930968",0.89459119069032
"393","1898757","73917",4,"0.230388355537912",3.76961164446209
"397","4380449","75382",3,"-1.01614891331104",4.01614891331104
"403","2856748","75382",2,"-0.651804363134081",2.65180436313408
"404","4117053","75382",2,"0.100754040723724",1.89924595927628
"405","1642815","75382",1,"0.363674880974204",0.636325119025796
"410","4616538","75444",1,"0.0144622456002601",0.98553775439974
"411","3287406","75444",3,"0.0504040104000413",2.94959598959996
"412","4735650","75444",3,"-0.197340654407806",3.19734065440781
"417","3080120","75444",4,"1.06949740108834",2.93050259891166
"424","2698418","76668",3,"0.423179224452664",2.57682077554734
"425","3278419","76668",3,"-0.100413194734703",3.1004131947347
"426","4901980","76668",3,"0.793041623338488",2.20695837666151
"437","4447646","80635",5,"-0.0251040181747064",5.02510401817471
"440","4438302","82482",1,"0.406572654195738",0.593427345804262
"446","2411384","82482",3,"0.222839768581863",2.77716023141814
"450","3977053","82748",3,"-0.00146838161552878",3.00146838161553
"452","4456680","83498",3,"-1.21590240032784",4.21590240032784
"454","2694521","83498",3,"-2.40346537183732",5.40346537183732
"463","3955041","83498",4,"0.68331727895351",3.31668272104649
"465","2342196","83498",4,"0.490837918731259",3.50916208126874
"468","195580","83814",3,"-0.423004157476493",3.42300415747649
"475","3085202","83814",3,"0.0364098935390785",2.96359010646092
"476","627962","84057",3,"1.58409401025966",1.41590598974034
"486","2324005","84057",2,"0.315496202098439",1.68450379790156
"499","1259411","96048",3,"0.540236035353401",2.4597639646466
"501","887792","96048",3,"0.382152480860546",2.61784751913945
"507","2597146","96048",4,"0.506648543096129",3.49335145690387
"508","2030990","96048",1,"-0.102561626536981",1.10256162653698
"509","3375808","96048",2,"0.841381123394332",1.15861887660567
"511","1738291","97221",2,"0.388599947825554",1.61140005217445
"519","3315379","97476",2,"0.897615564545927",1.10238443545407
"520","5445555","97476",3,"0.851217252669943",2.14878274733006
"521","2210060","97476",3,"-0.978052114848359",3.97805211484836
"531","2296088","97476",2,"0.670674287443826",1.32932571255617
"538","4519705","101618",1,"0.567006718143704",0.432993281856296
"540","5384133","107195",5,"1.59907625607121",3.40092374392879
"547","2965087","107195",5,"0.383944333828004",4.616055666172
"554","5134169","107972",2,"0.692370005601829",1.30762999439817
"556","4905127","107972",3,"1.74043734538295",1.25956265461705
"557","1500608","107972",3,"-0.148448540027483",3.14844854002748
"559","4387197","108890",4,"0.360718505523636",3.63928149447636
"560","3327797","108890",3,"0.525876368938889",2.47412363106111
"562","3595270","108890",3,"0.0460740983028019",2.9539259016972
"563","5527039","115795",3,"0.160813463140225",2.83918653685978
"565","4280207","115795",2,"0.562944467454349",1.43705553254565
"566","3590237","115795",2,"0.791411749113756",1.20858825088624
"571","2197822","115795",3,"0.621556172467399",2.3784438275326
"575","2450395","118097",3,"-0.99840820168304",3.99840820168304
"579","1312133","118097",1,"0.715002944035987",0.284997055964013
"589","3093794","118117",3,"0.842568423917146",2.15743157608285
"592","57920","118117",3,"1.45640727196155",1.54359272803845
"593","1488099","118302",3,"0.044291745638013",2.95570825436199
"594","1642815","118302",3,"-0.424753177252283",3.42475317725228
"595","3375808","118302",4,"-0.110570018160593",4.11057001816059
"596","1221888","118302",1,"-1.63756945212433",2.63756945212433
"598","3133489","118302",3,"1.01826227168142",1.98173772831858
"604","619612","120872",1,"-0.510303612609951",1.51030361260995
"607","424325","120872",3,"0.0492972977687681",2.95070270223123
"608","2699033","120872",5,"-0.692802819183091",5.69280281918309
"611","2900177","130390",3,"0.262600718093843",2.73739928190616
"616","5706763","130390",1,"1.64639057956454",0.64639057956454
"619","1337537","137026",5,"-0.196525436409224",5.19652543640922
"622","5384133","137026",2,"-0.162087468810907",2.16208746881091
"625","532034","137026",3,"-0.998382857307285",3.99838285730729
"628","2698418","141708",2,"-0.366100392514619",2.36610039251462
"630","2773540","141708",4,"1.15292355524443",2.84707644475557
"631","1542832","141708",3,"1.41452145229519",1.58547854770481
"632","4286813","141708",1,"-0.661854463743779",1.66185446374378
"637","3556952","148132",2,"-0.443501689647915",2.44350168964792
"641","1221888","148132",3,"-0.347096109089454",3.34709610908945
"645","2694521","150634",2,"2.41633252835227",0.41633252835227
"648","5706763","150634",3,"0.807357961595407",2.19264203840459
"650","3314075","150634",2,"0.520286508060482",1.47971349193952
"652","1139469","152280",1,"0.763146029868633",0.236853970131367
"653","3085202","152280",1,"0.702887176713062",0.297112823286938
"657","5290998","152280",3,"-1.40579224908758",4.40579224908758
"679","4380449","165833",3,"-0.162460175563625",3.16246017556362
"685","4188252","165833",3,"0.361799387315918",2.63820061268408
"687","2820580","168769",4,"1.33816522580822",2.66183477419178
"691","4117053","168769",3,"0.0185748874183962",2.9814251125816
"698","1135786","171054",3,"0.426800352721235",2.57319964727877
"709","4976553","171631",4,"0.57152040115207",3.42847959884793
"722","1219810","175989",3,"0.148714891735051",2.85128510826495
"724","3984496","175989",1,"-0.121371383147109",1.12137138314711
"734","2976221","179528",3,"1.85228150865181",1.14771849134819
"736","2047798","182839",3,"0.120260181299267",2.87973981870073
"744","1406783","184282",3,"0.525739353420033",2.47426064657997
"751","2536879","184282",3,"-0.795542235561069",3.79554223556107
"768","5669252","189754",4,"1.41199998300096",2.58800001699904
"776","1626796","190943",3,"1.99603576775704",1.00396423224296
"784","1954555","190943",4,"-0.100845560903351",4.10084556090335
"792","3647272","191404",4,"0.335251758213387",3.66474824178661
"795","5351733","193038",3,"1.78434003153328",1.21565996846672
"800","4641285","193038",3,"-1.67409331284912",4.67409331284912
"801","2395278","193038",2,"0.30536007608764",1.69463992391236
"806","5351733","198307",3,"-0.157646743814967",3.15764674381497
"808","2493425","198307",1,"-0.238783485421956",1.23878348542196
"823","3043156","200461",3,"0.256686919628124",2.74331308037188
"824","534213","200461",3,"0.829599378597155",2.17040062140285
"826","3644637","200461",3,"-0.0843779381526297",3.08437793815263
"838","2709101","203658",4,"1.61431848822493",2.38568151177507
"848","3241444","205759",3,"-0.394981653784316",3.39498165378432
"849","4155386","205759",3,"0.913008751047918",2.08699124895208
"853","4415881","212050",3,"-0.352696414148211",3.35269641414821
"857","2191037","212050",3,"-1.23024675929671",4.23024675929671
"868","1803801","213371",2,"-0.373107357879336",2.37310735787934
"874","3192554","214531",3,"0.426639961349078",2.57336003865092
"880","2923773","217692",2,"-1.36320979041612",3.36320979041612
"888","2740598","219276",3,"-0.378874574268025",3.37887457426802
"891","5412054","219276",4,"-0.157981354036282",4.15798135403628
"892","3576778","219276",4,"0.590533482144094",3.40946651785591
"895","5385464","219276",5,"1.20518621932748",3.79481378067252
"902","1598424","221922",5,"-0.171243475790409",5.17124347579041
"908","2369370","221922",4,"0.15890338849806",3.84109661150194
"909","3821129","221943",3,"0.653696848265972",2.34630315173403
"911","3241922","221943",1,"0.133667674317915",0.866332325682085
"918","4056223","222516",3,"0.644426529519565",2.35557347048043
"921","4415881","222516",3,"-1.66018391496476",4.66018391496476
"922","1421901","222516",1,"0.801260470779528",0.198739529220472
"924","522491","222516",3,"0.680167882743226",2.31983211725677
"935","4715209","226121",2,"0.392793226694422",1.60720677330558
"937","3597538","230710",3,"2.31067595067808",0.68932404932192
"940","1663866","230710",3,"0.365826513213131",2.63417348678687
"941","1448980","230710",2,"-9.48210014010882e-05",2.0000948210014
"944","1305208","230710",1,"0.866804663005564",0.133195336994436
"952","5336046","236180",1,"-0.481982490524206",1.48198249052421
"968","2597146","236632",3,"0.981118359857",2.018881640143
"973","5646154","237017",5,"2.02042591626563",2.97957408373437
"995","4905127","247805",3,"0.498486602637362",2.50151339736264
"996","3441513","247805",2,"-0.451318850914393",2.45131885091439
"1000","3544416","247805",3,"0.328976013331915",2.67102398666808
"1009","3375808","250751",2,"0.253185550148785",1.74681444985122
"1012","4364462","250751",2,"0.606838155554335",1.39316184444567
"1013","692831","252080",2,"-0.158336873842977",2.15833687384298
"1016","3000454","252080",5,"1.85610605906316",3.14389394093684
"1020","4046972","252080",2,"0.0361281249132417",1.96387187508676
"1027","4522084","253650",4,"0.343875492198784",3.65612450780122
"1035","2865695","253792",1,"-0.172715810718106",1.17271581071811
"1038","2991842","254104",1,"1.23629853092071",0.23629853092071
"1039","1283321","254104",3,"-0.342392244570975",3.34239224457097
"1046","2524784","254800",2,"-0.0754002123178047",2.0754002123178
"1051","531200","254800",3,"-0.660467189154689",3.66046718915469
"1053","1573009","255177",2,"1.26161305313072",0.73838694686928
"1059","3441513","255177",5,"1.19897598941708",3.80102401058292
"1067","2944771","255202",3,"1.27705271182281",1.72294728817719
"1077","2694521","255809",3,"2.34556128447918",0.65443871552082
"1084","3093794","255809",3,"2.15772346114675",0.84227653885325
"1090","3042726","256670",3,"0.300401690695426",2.69959830930457
"1095","2526812","258273",3,"1.05229097385211",1.94770902614789
"1100","4443833","258273",4,"0.650213977867365",3.34978602213264
"1102","2698418","262394",3,"-0.391401757847661",3.39140175784766
"1112","4891238","265349",5,"-0.925834898156606",5.92583489815661
"1115","4156667","265349",1,"-0.0468726916197258",1.04687269161973
"1124","2327267","271787",1,"0.0584688413230933",0.941531158676907
"1125","662664","271787",3,"-0.452313406890473",3.45231340689047
"1138","3287406","274688",3,"0.0829967554254844",2.91700324457452
"1143","4447646","274688",2,"0.190201285181019",1.80979871481898
"1145","3955041","274688",2,"-0.673084172803063",2.67308417280306
"1147","3477524","274688",3,"0.512398508809984",2.48760149119002
"1148","4456680","276275",1,"-1.18774240390276",2.18774240390276
"1159","739084","277011",3,"-0.256292512105231",3.25629251210523
"1174","1696020","282269",3,"0.30228879784662",2.69771120215338
"1177","2709101","283170",3,"0.0736690193707816",2.92633098062922
"1181","5647495","283621",3,"1.00236614719351",1.99763385280649
"1187","1500608","284319",3,"-1.21822965345052",4.21822965345052
"1200","5062046","286374",2,"-1.21615132136935",3.21615132136935
"1206","4260264","286374",1,"0.427980145296708",0.572019854703292
"1209","4521818","286374",2,"-0.198961373455732",2.19896137345573
"1216","4663170","286500",3,"2.21412785470479",0.78587214529521
"1218","2686549","286500",4,"-0.368861517055029",4.36886151705503
"1220","5694124","286500",3,"-0.964703960997671",3.96470396099767
"1223","5669252","286500",5,"-0.191512189415362",5.19151218941536
"1225","3758910","286500",4,"-0.672780770478796",4.6727807704788
"1238","5646772","290701",4,"-0.319733940918032",4.31973394091803
"1240","1178877","290701",3,"1.09879496971202",1.90120503028798
"1246","3466926","291637",2,"-0.36005379404735",2.36005379404735
"1248","1793895","291637",3,"0.00539179459168897",2.99460820540831
"1263","3308880","291752",3,"-0.998665322118865",3.99866532211886
"1267","3146037","293337",4,"-0.11193101194587",4.11193101194587
"1282","1319480","293514",4,"0.386398618540983",3.61360138145902
"1284","2030990","293514",3,"-0.245121712497008",3.24512171249701
"1287","1448980","293514",3,"0.281062395266143",2.71893760473386
"1293","4412129","294468",3,"0.155730612343826",2.84426938765617
"1303","5336046","297220",3,"-1.63611593423521",4.63611593423521
"1310","5582413","300067",2,"-0.703120024375101",2.7031200243751
"1311","4976553","300067",3,"-0.361262713781533",3.36126271378153
"1318","5446448","301220",5,"-0.196704627330761",5.19670462733076
"1321","3146037","301220",3,"0.0378102820195256",2.96218971798047
"1322","505271","301220",1,"0.986605955308543",0.013394044691457
"1324","5513568","302426",4,"-0.348437209444336",4.34843720944434
"1329","1030587","302426",4,"1.0019269326496",2.9980730673504
"1343","2991842","304189",3,"0.732412860352764",2.26758713964724
"1348","1856394","305200",3,"1.00561454920802",1.99438545079198
"1351","4668971","305200",5,"-0.196226732722004",5.196226732722
"1361","4901980","305809",5,"-0.0410291261131951",5.0410291261132
"1374","1211966","306852",2,"1.08120573345041",0.91879426654959
"1375","4519705","306852",4,"1.51171288582263",2.48828711417737
"1376","3192554","306852",2,"-0.148876076562667",2.14887607656267
"1382","4443833","307470",1,"1.07359121960952",0.0735912196095201
"1383","1663866","307470",3,"1.07477599818132",1.92522400181868
"1390","1803801","307497",1,"0.458504816757631",0.541495183242369
"1396","5127223","307497",2,"-0.105647016729889",2.10564701672989
"1407","1696020","308028",4,"-0.186652810574699",4.1866528105747
"1408","2826744","308028",3,"-1.14248181830312",4.14248181830312
"1409","4202425","308028",3,"0.759717269966012",2.24028273003399
"1410","3505991","308028",4,"0.432587583899571",3.56741241610043
"1414","4046972","309436",2,"-0.135190467647311",2.13519046764731
"1416","3477524","309436",3,"-0.30936229889891",3.30936229889891
"1418","216385","309436",3,"0.334236703753754",2.66576329624625
"1422","2691000","310722",3,"-0.771291720617237",3.77129172061724
"1430","4330819","311124",2,"0.407876507549622",1.59212349245038
"1440","3644637","311584",3,"0.0779117228938301",2.92208827710617
"1441","3122261","311584",3,"-0.967445602746949",3.96744560274695
"1443","4412129","311584",2,"1.39185178490402",0.60814821509598
"1451","3855104","311694",4,"0.850418701688931",3.14958129831107
"1454","549167","314082",3,"0.217146918661999",2.782853081338
"1455","1831568","314082",2,"0.53970693404747",1.46029306595253
"1457","2923773","314082",3,"0.852251806054881",2.14774819394512
"1459","4443833","314082",4,"-0.27315948604864",4.27315948604864
"1460","4831627","314235",3,"0.284826127491701",2.7151738725083
"1463","2809789","314235",3,"-1.00382135600326",4.00382135600326
"1470","3133489","314235",3,"1.91223394794672",1.08776605205328
"1473","5127223","314235",5,"-1.12749384022997",6.12749384022997
"1478","5646154","319985",4,"0.9806013942791",3.0193986057209
"1484","5461945","319985",3,"0.473091564829581",2.52690843517042
"1488","692831","320689",2,"1.34150804951284",0.65849195048716
"1491","934348","327285",1,"-0.63857971442197",1.63857971442197
"1496","4309450","327285",5,"0.00485580659570271",4.9951441934043
"1504","808981","327285",2,"1.28230564624866",0.71769435375134
"1505","4691280","328723",4,"-0.969912561197815",4.96991256119782
"1507","4106698","328723",4,"0.220514005487362",3.77948599451264
"1508","1609042","328723",3,"-0.307898249600027",3.30789824960003
"1514","468497","328723",4,"-1.75264056235556",5.75264056235556
"1519","4735650","331946",1,"1.21552423838472",0.21552423838472
"1520","627962","331946",3,"0.371852456589825",2.62814754341017
"1523","3825509","331946",1,"0.316865122826051",0.683134877173949
"1525","4017740","331946",3,"-0.307937201161935",3.30793720116194
"1530","4330819","340994",1,"0.878857260935012",0.121142739064988
"1537","1557267","342540",3,"0.0923350148971391",2.90766498510286
"1539","2369370","342540",3,"-0.875747761038596",3.8757477610386
"1540","3821129","342540",3,"-0.917283937694321",3.91728393769432
"1550","5461945","343094",3,"1.04160089161793",1.95839910838207
"1558","1898757","345397",4,"-0.801188353408862",4.80118835340886
"1563","186729","345397",3,"-0.552631982531286",3.55263198253129
"1576","2405157","350271",3,"0.476233593496273",2.52376640650373
"1580","4901980","350271",3,"0.182909434990918",2.81709056500908
"1590","4532209","356424",4,"0.382383685059652",3.61761631494035
"1591","4632845","356424",4,"1.50926702570524",2.49073297429476
"1595","5330753","357980",2,"0.224819871824787",1.77518012817521
"1596","2354909","357980",3,"-0.058846447912179",3.05884644791218
"1601","5022420","357980",3,"-1.03471837521102",4.03471837521102
"1603","1271678","357980",2,"-0.568214116600911",2.56821411660091
"1608","2341442","361342",3,"-1.06353054735866",4.06353054735866
"1616","887792","362458",1,"1.43192146901774",0.43192146901774
"1623","4641285","363678",3,"-0.526453069455964",3.52645306945596
"1626","3122261","363678",3,"0.72514605967641",2.27485394032359
"1628","673543","363678",3,"0.795911999537185",2.20408800046282
"1633","2826744","364728",4,"1.70369981750032",2.29630018249968
"1645","3608337","364728",3,"-0.286527261715977",3.28652726171598
"1649","1542832","366438",2,"-0.933539979967209",2.93353997996721
"1654","4381542","366438",2,"2.22909404938559",0.22909404938559
"1661","2296343","367107",2,"0.416890450229885",1.58310954977012
"1663","4799505","367107",4,"-0.106465351672253",4.10646535167225
"1670","4456680","367491",2,"0.499949733699541",1.50005026630046
"1671","4447646","367491",5,"1.83979903675969",3.16020096324031
"1681","453818","370870",4,"-0.229947351111429",4.22994735111143
"1688","1464510","370870",3,"-1.23874661700881",4.23874661700881
"1691","3601645","378523",2,"-2.11620883855306",4.11620883855306
"1695","3892282","378523",3,"-0.840913418000119",3.84091341800012
"1696","2064560","378523",3,"2.62160405156822",0.37839594843178
"1699","3576778","378523",5,"0.434339301229037",4.56566069877096
"1704","2900177","378523",3,"0.724851031844197",2.2751489681558
"1715","1312133","379143",1,"0.852531302279516",0.147468697720484
"1721","4380449","379885",3,"-1.02974992563007",4.02974992563007
"1725","2460218","379885",1,"-0.116951103419674",1.11695110341967
"1742","4017740","396125",5,"0.622822518785751",4.37717748121425
"1754","4046204","400325",2,"1.9488699439745",0.0511300560254999
"1756","2698418","400325",1,"-0.0198048035392893",1.01980480353929
"1764","2819553","402353",4,"1.04016709045373",2.95983290954627
"1769","2342196","402353",3,"-1.42758673765312",4.42758673765312
"1771","4100544","406794",2,"0.289389047198045",1.71061095280196
"1775","3341071","406794",3,"-0.648542968856128",3.64854296885613
"1778","3241444","408794",3,"0.0839585475942015",2.9160414524058
"1783","4415881","408794",2,"0.591947471967726",1.40805252803227
"1784","2965087","408794",2,"0.289986833843391",1.71001316615661
"1786","2191136","408794",3,"0.908877179134204",2.0911228208658
"1788","1352286","410998",1,"-0.0561942286543806",1.05619422865438
"1794","4100482","414917",3,"0.121429090221679",2.87857090977832
"1801","5011601","415619",2,"-0.967914735449258",2.96791473544926
"1813","4875280","418098",3,"-0.970019155288984",3.97001915528898
"1818","5058598","418098",4,"-0.690388953866794",4.69038895386679
"1819","2105984","418098",3,"-0.73949095388942",3.73949095388942
"1821","2293300","418098",2,"-0.096841009407809",2.09684100940781
"1824","1008875","418901",3,"-0.509783913637538",3.50978391363754
"1826","4831627","418901",3,"-0.974435875215768",3.97443587521577
"1827","4364462","418901",1,"0.206928112722644",0.793071887277356
"1834","3766012","422044",2,"0.577719941302929",1.42228005869707
"1837","3146203","422044",3,"0.194441231361375",2.80555876863863
"1843","3478967","431206",2,"1.74067740986935",0.25932259013065
"1844","1421901","431206",1,"-0.152747496502063",1.15274749650206
"1845","1221888","431206",3,"0.86341074863025",2.13658925136975
"1855","1325697","431635",4,"-0.408867935438179",4.40886793543818
"1858","2941133","432233",2,"0.0573741350236468",1.94262586497635
"1872","1256454","434097",2,"0.818491675070993",1.18150832492901
"1879","3766012","437757",2,"-0.170430527448816",2.17043052744882
"1884","4632845","438089",4,"1.39379549201223",2.60620450798777
"1891","887792","440992",3,"-0.387704150278321",3.38770415027832
"1898","2324005","441424",1,"1.55049009039862",0.55049009039862
"1902","4106698","442105",1,"-0.0406798762681136",1.04067987626811
"1903","2387332","442105",3,"1.19042287391599",1.80957712608401
"1904","2865695","442105",3,"0.776116535185116",2.22388346481488
"1911","2191037","443698",1,"0.678843814276545",0.321156185723455
"1913","3545120","443698",3,"-0.904069248814322",3.90406924881432
"1919","3821129","444935",1,"-0.254886413072382",1.25488641307238
"1933","2809789","444935",4,"-0.766034239960803",4.7660342399608
"1935","2952948","445345",4,"1.05124187628905",2.94875812371095
"1940","5732915","445345",4,"0.746401409334152",3.25359859066585
"1944","5207679","445660",3,"0.356255589959206",2.64374441004079
"1945","2923773","445660",4,"1.31656781512085",2.68343218487915
"1947","692831","445660",3,"-0.0625140602390733",3.06251406023907
"1951","4155386","445660",3,"0.18351455439503",2.81648544560497
"1952","5134833","445660",3,"-0.525533396161003",3.525533396161
"1959","4651226","446592",4,"0.589561256396027",3.41043874360397
"1965","1696020","446999",3,"1.32269285903904",1.67730714096096
"1967","4260264","446999",2,"-0.920783723484589",2.92078372348459
"1970","5290998","446999",4,"-0.400829474561682",4.40082947456168
"1971","3477524","446999",3,"0.0657772184112584",2.93422278158874
"1975","4799505","447151",3,"0.92674292092836",2.07325707907164
"1978","3758910","447151",3,"0.399581710558194",2.60041828944181
"1979","1518360","447151",3,"0.383222996867528",2.61677700313247
"1989","4188252","450767",1,"0.682444271373214",0.317555728626786
"2007","1573009","462341",1,"0.837771276578426",0.162228723421574
"2009","3608337","462341",2,"1.4547136349038",0.5452863650962
"2012","522491","467103",4,"-0.346394795722797",4.3463947957228
"2023","950010","474452",3,"-0.386894604013401",3.3868946040134
"2043","934348","480245",2,"0.526250984947985",1.47374901505201
"2045","5681109","481664",4,"0.643487594279723",3.35651240572028
"2048","1477191","481664",3,"0.292661251392602",2.7073387486074
"2052","3071046","483779",5,"1.26955022260917",3.73044977739083
"2061","5127223","484836",3,"0.443060477231515",2.55693952276849
"2067","4537149","485237",1,"0.424931287962267",0.575068712037733
"2073","3478967","489418",4,"0.821902157735939",3.17809784226406
"2079","1696020","489832",1,"-0.9308930646821",1.9308930646821
"2090","3821129","494433",3,"-0.00662804562292718",3.00662804562293
"2091","399461","494433",2,"0.690723195986682",1.30927680401332
"2092","5039682","494433",1,"0.840080355662068",0.159919644337932
"2094","5719622","494433",3,"2.13395627250535",0.86604372749465
"2095","4387197","494433",1,"1.13535049728755",0.13535049728755
"2097","3892282","495862",2,"-0.0698674340174965",2.0698674340175
"2098","3315379","495862",3,"-1.00558052326782",4.00558052326782
"2101","201541","495862",4,"-0.0734477181228848",4.07344771812288
"2114","494281","502869",3,"-0.0120504835091801",3.01205048350918
"2124","2667507","503629",5,"0.0215883681601566",4.97841163183984
"2126","3601645","503629",5,"-0.595517559270784",5.59551755927078
"2127","3788782","503629",2,"0.450421893167227",1.54957810683277
"2128","534213","503629",1,"-1.25758655997845",2.25758655997845
"2129","1305208","505012",5,"0.569011247844134",4.43098875215587
"2130","4722235","505012",3,"-1.0906489847084",4.0906489847084
"2133","216385","505012",4,"1.56403824939361",2.43596175060639
"2147","4438302","505804",3,"-0.341489753207509",3.34148975320751
"2155","1221888","505804",1,"-0.0611961544283941",1.06119615442839
"2176","4364462","510836",1,"-0.253954888242523",1.25395488824252
"2178","5558015","514946",3,"-0.413173091972111",3.41317309197211
"2182","5646772","514946",1,"0.301545359790125",0.698454640209875
"2187","1219810","514946",1,"0.0188754555837769",0.981124544416223
"2189","195859","514946",2,"0.95489461659259",1.04510538340741
"2194","5403147","515088",4,"-1.01726338758644",5.01726338758644
"2197","4632845","515088",3,"0.435123363045587",2.56487663695441
"2202","4503528","515921",4,"1.41831039780724",2.58168960219276
"2205","1221415","515921",3,"-0.793832523367433",3.79383252336743
"2207","1477191","516482",2,"-0.121926441980926",2.12192644198093
"2214","1135786","516482",2,"-0.819690807220571",2.81969080722057
"2218","2524784","516482",3,"-0.73574197655767",3.73574197655767
"2220","3984496","516482",4,"-0.190924474642533",4.19092447464253
"2221","4156667","517092",3,"1.36318032512144",1.63681967487856
"2232","1518360","517996",2,"1.44110890887811",0.55889109112189
"2234","3608337","517996",2,"1.92815280878889",0.0718471912111101
"2239","1598424","522471",4,"-0.910662942845593",4.91066294284559
"2241","4286813","522471",1,"0.249668338619867",0.750331661380133
"2243","2691000","522471",3,"-0.234228237667588",3.23422823766759
"2245","1661620","528022",3,"0.329570235658166",2.67042976434183
"2247","2871930","528022",3,"0.878042804235535",2.12195719576447
"2264","3960806","528227",3,"0.185525763003435",2.81447423699657
"2267","522491","528227",2,"1.21251663573079",0.78748336426921
"2277","2816647","528704",3,"1.28163368326317",1.71836631673683
"2280","3192554","528704",1,"1.44430141162405",0.44430141162405
"2281","2976221","528704",3,"1.08168176916642",1.91831823083358
"2283","1831568","528704",4,"1.22312033446824",2.77687966553176
"2293","4193761","530136",4,"-0.00282733389527324",4.00282733389527
"2294","4726648","530136",3,"-0.0800616330436073",3.08006163304361
"2297","1283321","533623",3,"-1.7028586116176",4.7028586116176
"2303","4458062","538723",3,"-0.392528661448395",3.3925286614484
"2309","4456680","538723",2,"-0.566417768606291",2.56641776860629
"2316","4830630","539579",3,"0.203053698678212",2.79694630132179
"2320","619612","543930",3,"-0.0295087183565026",3.0295087183565
"2323","3653201","543930",3,"0.852421128279969",2.14757887172003
"2324","4381542","543930",2,"-0.0481048015965556",2.04810480159656
"2326","1609969","543932",3,"-0.814091528745509",3.81409152874551
"2342","2724950","546221",4,"0.925684419815335",3.07431558018467
"2346","549167","546221",4,"1.70648387578751",2.29351612421249
"2351","3181427","549310",1,"1.0209493360146",0.0209493360146
"2354","2944771","549310",3,"0.864026418554647",2.13597358144535
"2356","5527039","550783",3,"-0.273648661035164",3.27364866103516
"2361","3556952","551495",1,"0.496734691133938",0.503265308866062
"2362","5694124","551495",2,"-0.203006530733951",2.20300653073395
"2364","3192554","551495",3,"1.07628799986726",1.92371200013274
"2375","5207679","551606",2,"-1.2077557782349",3.2077557782349
"2386","4187551","552145",3,"-0.0135888709330694",3.01358887093307
"2388","241336","553216",1,"0.917480406965207",0.0825195930347929
"2389","692831","553216",3,"-1.40371832511806",4.40371832511806
"2398","3133489","553514",3,"-0.262156657013011",3.26215665701301
"2408","4364462","555225",5,"1.63523242140808",3.36476757859192
"2411","2524784","555225",3,"-0.0390088292175234",3.03900882921752
"2419","453818","561022",1,"0.804965985241047",0.195034014758953
"2420","2923773","561022",3,"1.34705368231536",1.65294631768464
"2435","3146203","561713",2,"-1.04322301356889",3.04322301356889
"2441","4891238","561713",4,"-0.0158477400608979",4.0158477400609
"2443","5023084","561713",3,"1.21033699524166",1.78966300475834
"2447","3651457","563682",4,"0.250664219751272",3.74933578024873
"2448","270282","563682",3,"0.416083419020181",2.58391658097982
"2454","571678","564826",1,"0.45778546980797",0.54221453019203
"2456","5299179","564826",4,"-0.286298713838276",4.28629871383828
"2457","2191037","564826",3,"-1.26574154840509",4.26574154840509
"2464","3356377","565735",4,"-0.745369664491556",4.74536966449156
"2466","4503528","568005",3,"0.381671412918617",2.61832858708138
"2471","1518360","568005",1,"1.4838958710983",0.4838958710983
"2472","57920","568005",1,"0.352252340118183",0.647747659881817
"2475","627962","568446",5,"1.70743437526804",3.29256562473196
"2479","5268852","570478",1,"0.7673299119996",0.2326700880004
"2481","3765319","570478",3,"0.839053476356156",2.16094652364384
"2486","5039682","570753",3,"-0.503726077225923",3.50372607722592
"2491","5646772","570753",5,"-0.143327828289026",5.14332782828903
"2498","2293300","571029",3,"-0.516413987268922",3.51641398726892
"2500","3595270","571029",3,"1.79953256181993",1.20046743818007
"2506","3026717","571029",1,"0.14954116398319",0.85045883601681
"2517","4179993","572208",3,"0.291224106584977",2.70877589341502
"2524","4891238","575603",2,"0.787536286289089",1.21246371371091
"2525","5379475","575603",2,"1.3231313011386",0.6768686988614
"2529","2461413","575615",3,"0.789020723050623",2.21097927694938
"2534","4799505","579851",2,"1.52133642060949",0.47866357939051
"2539","3042726","579851",2,"0.369901861591628",1.63009813840837
"2548","1856394","581342",1,"-0.0723162085148889",1.07231620851489
"2549","2900177","581342",3,"-0.685251796740701",3.6852517967407
"2554","1030587","581869",4,"0.594317308761608",3.40568269123839
"2562","4519705","582028",3,"0.730515680200427",2.26948431979957
"2565","2296343","582028",5,"0.525905536267503",4.4740944637325
"2578","5719622","582030",1,"-0.442441172055792",1.44244117205579
"2581","2969181","582030",2,"-1.44592801611537",3.44592801611537
"2584","3061513","582030",3,"-0.945561790682671",3.94556179068267
"2587","2188439","582030",3,"0.780423247935201",2.2195767520648
"2597","3977053","582135",2,"0.537395645004798",1.4626043549952
"2601","1347048","582135",1,"0.158708097690512",0.841291902309488
"2602","3855104","582135",3,"-0.492153005568492",3.49215300556849
"2604","2944771","582135",3,"0.717734969003294",2.28226503099671
"2609","2547605","582280",2,"-0.0473032230645678",2.04730322306457
"2610","3544416","582280",3,"-0.324632046976316",3.32463204697632
"2611","4156667","582280",2,"-0.022566470534466",2.02256647053447
"2612","2724950","582280",3,"1.05603927362951",1.94396072637049
"2614","522491","582382",5,"0.793572644517921",4.20642735548208
"2615","4100482","582382",3,"1.11638002432305",1.88361997567695
"2618","4309450","582382",3,"0.264609873613365",2.73539012638664
"2623","3133489","584938",1,"0.0403332882312939",0.959666711768706
"2631","4831627","584938",2,"1.84250182810153",0.15749817189847
"2637","4688823","588020",3,"1.76032982970768",1.23967017029232
"2643","195580","588020",3,"0.241882758516133",2.75811724148387
"2648","5669252","588059",3,"1.26215938866924",1.73784061133076
"2649","1856394","588059",2,"-0.0244614666942513",2.02446146669425
"2651","3093794","588059",4,"-0.479155135697652",4.47915513569765
"2653","2296088","588059",2,"-0.371467415253042",2.37146741525304
"2671","1500608","589237",3,"0.486066911608586",2.51393308839141
"2684","3204169","590236",3,"-0.314612553254659",3.31461255325466
"2689","1518360","590236",3,"0.721925021810305",2.27807497818969
"2691","142145","590386",3,"-0.412237390865721",3.41223739086572
"2692","3327797","590386",3,"-1.81532968176027",4.81532968176027
"2696","2976221","590386",3,"-0.158779014428212",3.15877901442821
"2697","4309450","590386",2,"-0.605475023028838",2.60547502302884
"2701","2778131","590681",4,"-0.908420860536225",4.90842086053622
"2702","4976553","590681",3,"0.673006640973105",2.3269933590269
"2707","5646772","591951",4,"-0.801650689299394",4.80165068929939
"2714","262799","593101",2,"-0.16205581940828",2.16205581940828
"2719","4443833","593101",3,"2.66356521838123",0.33643478161877
"2722","3597538","593101",2,"1.15627747755555",0.84372252244445
"2725","1305208","593101",3,"0.0640110421641545",2.93598895783585
"2735","1336633","593483",5,"0.750379584039739",4.24962041596026
"2742","4938413","593483",3,"0.591992930393488",2.40800706960651
"2746","4502294","594474",4,"0.880603590388484",3.11939640961152
"2749","1448980","595990",3,"0.119553763248873",2.88044623675113
"2750","2574458","595990",3,"1.50324039680381",1.49675960319619
"2752","2341442","595990",2,"-0.586506848499177",2.58650684849918
"2763","3955041","600983",2,"0.616148955235378",1.38385104476462
"2764","3093794","600983",3,"0.164343050030493",2.83565694996951
"2775","5495353","601498",3,"1.08950266857705",1.91049733142295
"2781","1030587","601882",5,"0.343337958301281",4.65666204169872
"2783","453818","606871",2,"-0.137020040681406",2.13702004068141
"2786","4415881","606871",3,"-0.832642923809513",3.83264292380951
"2790","3279032","606871",3,"-0.418295936221575",3.41829593622158
"2802","2411384","608432",3,"0.772100680138682",2.22789931986132
"2803","3680046","608432",2,"-0.839239866575928",2.83923986657593
"2805","2188439","609202",3,"0.749159847403466",2.25084015259653
"2810","1882741","609202",3,"0.789412705416976",2.21058729458302
"2813","1626796","609250",4,"-0.25383659869558",4.25383659869558
"2817","5582413","609250",4,"-0.356512375973458",4.35651237597346
"2824","522491","612698",4,"-0.301965118642159",4.30196511864216
"2825","796812","612698",3,"-0.567549610228449",3.56754961022845
"2835","3984496","613088",1,"0.617333013810398",0.382666986189602
"2844","2210060","613110",3,"-1.86552441108979",4.86552441108979
"2848","1670066","613110",3,"-0.0215448584039835",3.02154485840398
"2851","5379475","613110",1,"-0.513438660992693",1.51343866099269
"2856","1954555","619662",5,"0.136665676154991",4.86333432384501
"2858","294984","619662",4,"0.0616877504290255",3.93831224957097
"2860","3886540","619662",2,"0.521803049021319",1.47819695097868
"2861","3597538","619662",3,"0.0178393613190107",2.98216063868099
"2863","1696020","619662",3,"0.48470120713066",2.51529879286934
"2884","3545120","623123",3,"0.932770147916798",2.0672298520832
"2891","1882741","623652",2,"-0.128212524475143",2.12821252447514
"2903","4959941","623734",5,"0.0418483101006012",4.9581516898994
"2909","3386366","623734",4,"0.321440068581135",3.67855993141887
"2916","4945128","626872",2,"-0.796489696507601",2.7964896965076
"2921","549167","626872",5,"-0.517113120499487",5.51711312049949
"2922","2819553","626872",3,"1.21601582673816",1.78398417326184
"2925","4415881","626872",1,"2.34558898005052",1.34558898005052
"2928","3680046","627188",3,"0.594078189606536",2.40592181039346
"2933","4188252","627188",1,"1.43119054538405",0.43119054538405
"2935","3892282","627213",1,"1.55287262624639",0.55287262624639
"2939","4522084","627213",1,"1.16095534366628",0.16095534366628
"2942","1464510","627213",4,"-0.126330307378602",4.1263303073786
"2946","2358043","627213",2,"2.30798532008179",0.30798532008179
"2951","2865695","628465",4,"0.921524922603736",3.07847507739626
"2955","5023084","628465",3,"0.315515889509613",2.68448411049039
"2956","4976553","628465",4,"0.341296413203102",3.6587035867969
"2960","3892282","629670",1,"0.899272269570544",0.100727730429456
"2965","521338","629670",4,"1.01811684372974",2.98188315627026
"2966","468497","631543",5,"0.722633683076367",4.27736631692363
"2969","2816647","631543",3,"0.576463080163733",2.42353691983627
"2971","3281295","631543",2,"-0.272724129842382",2.27272412984238
"2983","798559","632434",1,"1.35902100366617",0.35902100366617
"2996","312863","634170",3,"-0.822165748680119",3.82216574868012
"2997","739084","637742",4,"0.176645791152772",3.82335420884723
"3000","4175055","637742",5,"0.732855813628539",4.26714418637146
"3010","2740598","638555",2,"0.021823260147939",1.97817673985206
"3020","2809789","639480",2,"0.873861199245318",1.12613880075468
"3030","1448980","639981",3,"-0.142689107755218",3.14268910775522
"3033","522491","640062",3,"2.22782320298954",0.77217679701046
"3045","5039682","640623",3,"-1.35149359843829",4.35149359843829
"3050","3977053","640623",3,"1.33839825532102",1.66160174467898
"3055","1005087","640623",4,"-0.141172535575602",4.1411725355756
"3056","1539253","640623",3,"0.0755052612264645",2.92449473877354
"3057","3466926","640623",1,"0.776169918627862",0.223830081372138
"3074","2574458","641875",4,"0.299015086301209",3.70098491369879
"3093","4309450","642247",2,"-0.52476049496682",2.52476049496682
"3097","887792","643845",2,"0.492975050615132",1.50702494938487
"3108","2315881","643845",3,"0.862897097986374",2.13710290201363
"3110","458267","645568",3,"0.744582868966175",2.25541713103383
"3114","2709101","645568",3,"0.270850047383411",2.72914995261659
"3117","4690432","645579",3,"-0.417832913923923",3.41783291392392
"3123","3386366","645579",2,"0.539668221260221",1.46033177873978
"3125","4252277","645579",3,"0.228455887123374",2.77154411287663
"3126","4579320","645579",3,"-0.42963140468371",3.42963140468371
"3134","3886540","647264",2,"-0.566964124215066",2.56696412421507
"3138","4945128","647264",3,"1.05876323751497",1.94123676248503
"3145","3505991","650232",2,"1.37791036996772",0.62208963003228
"3156","3765319","650245",3,"0.733350598533559",2.26664940146644
"3157","1670066","650245",4,"0.140105533975976",3.85989446602402
"3160","549167","650245",4,"0.378868698360272",3.62113130163973
"3161","1336633","652575",4,"0.830430405994625",3.16956959400537
"3173","3545120","652888",2,"-0.943119668319168",2.94311966831917
"3175","3644216","652888",3,"0.850080581299813",2.14991941870019
"3179","4179993","652888",2,"0.515343222239186",1.48465677776081
"3182","3287406","653459",4,"0.052930245736938",3.94706975426306
"3189","195580","653459",1,"0.784452638834149",0.215547361165851
"3190","619612","653459",3,"-0.306470086319717",3.30647008631972
"3191","5604808","653596",2,"0.561140749031857",1.43885925096814
"3194","1283321","653596",4,"-0.442661684356171",4.44266168435617
"3199","4179993","653596",3,"0.227168760215524",2.77283123978448
"3203","505271","654931",2,"-0.87684737004955",2.87684737004955
"3215","2707013","655216",4,"0.36697057015785",3.63302942984215
"3217","2191136","655216",2,"1.22542227382903",0.77457772617097
"3234","4735650","658049",2,"-1.20464463688517",3.20464463688517
"3248","1542832","660856",5,"-1.17236238503717",6.17236238503717
"3254","201541","663390",3,"0.109235091573299",2.8907649084267
"3259","187580","663697",2,"0.067322914757687",1.93267708524231
"3263","1185852","664697",3,"0.578265615867109",2.42173438413289
"3268","5560205","664697",1,"0.90078374288503",0.09921625711497
"3271","3093794","664697",2,"0.141619035061059",1.85838096493894
"3274","4489932","664697",1,"-0.637984769674626",1.63798476967463
"3284","4155386","665134",3,"2.72405613873967",0.27594386126033
"3286","3241444","665134",3,"-0.913264406339372",3.91326440633937
"3292","3146203","665250",3,"1.16497896060379",1.83502103939621
"3304","3287406","666142",4,"1.58161706006749",2.41838293993251
"3315","2816647","667305",3,"1.16693457094758",1.83306542905242
"3317","2387332","667305",2,"1.39411347184534",0.60588652815466
"3319","4663170","667333",2,"-0.521541869388739",2.52154186938874
"3321","1305208","667333",2,"-0.493359816614803",2.4933598166148
"3325","1899420","667333",2,"0.315219116664215",1.68478088333578
"3329","2699033","667928",2,"-0.520248869350848",2.52024886935085
"3331","3855104","667928",3,"0.161912037024501",2.8380879629755
"3340","4502294","669729",3,"0.621788848238325",2.37821115176168
"3348","4959941","670745",5,"1.07403081829993",3.92596918170007
"3386","4522084","675886",2,"-0.239526791828416",2.23952679182842
"3390","4180511","675886",3,"1.10929210012028",1.89070789987972
"3392","5446448","676922",4,"-0.669234352253845",4.66923435225385
"3394","1477191","676922",4,"0.452681978092397",3.5473180219076
"3396","4726648","676922",3,"0.398077375810036",2.60192262418996
"3398","1539253","678393",2,"1.05146622706894",0.94853377293106
"3400","1486411","678393",4,"0.687266348338645",3.31273365166135
"3405","5403147","678393",3,"-0.895473160288992",3.89547316028899
"3408","3590237","679838",4,"-0.290149266614862",4.29014926661486
"3413","4579320","679838",2,"-0.099707205804111",2.09970720580411
"3423","1365084","682461",3,"0.709109788491725",2.29089021150827
"3434","4668971","682748",3,"-0.174513097351632",3.17451309735163
"3447","4309450","685990",3,"0.728048460712561",2.27195153928744
"3451","2698418","685990",5,"0.881867715616282",4.11813228438372
"3456","4688823","686018",3,"-0.615641937780945",3.61564193778095
"3458","5582413","686018",4,"-0.211040259673479",4.21104025967348
"3459","2865695","686018",3,"-0.316913492404747",3.31691349240475
"3470","2737248","689623",2,"0.780351375969713",1.21964862403029
"3476","2191037","690757",3,"-0.21411720357289",3.21411720357289
"3478","5681109","690757",3,"1.00738211129072",1.99261788870928
"3480","1539253","692906",2,"1.26128109531539",0.73871890468461
"3482","1663866","692906",1,"1.18845182125829",0.18845182125829
"3497","4272620","693432",1,"0.827266968638362",0.172733031361638
"3508","2047798","693675",4,"-0.559460344668114",4.55946034466811
"3515","5720466","694850",5,"-0.349165530056397",5.3491655300564
"3517","4519705","694850",3,"-0.679589393686316",3.67958939368632
"3522","1259411","696113",1,"-0.0120145512019123",1.01201455120191
"3524","2952948","696113",3,"-1.06688929022257",4.06688929022257
"3528","57920","696113",2,"0.928172750658156",1.07182724934184
"3530","4363352","696113",2,"0.0668039028328636",1.93319609716714
"3533","2536879","698672",5,"-0.00431379284073931",5.00431379284074
"3546","739084","699991",1,"1.17096406941878",0.17096406941878
"3549","532034","700797",2,"0.24806258250866",1.75193741749134
"3558","4280207","700797",1,"0.375126309451356",0.624873690548644
"3565","5495353","700901",3,"1.72525427861491",1.27474572138509
"3568","458267","700901",3,"0.883305061891839",2.11669493810816
"3574","5558015","700993",3,"0.616493072646451",2.38350692735355
"3575","4165820","700993",2,"1.27398262771195",0.72601737228805
"3578","4108308","700993",3,"-1.53586221189752",4.53586221189752
"3582","2667507","700993",3,"0.879243057751182",2.12075694224882
"3583","2991842","700993",1,"-0.907699490908829",1.90769949090883
"3589","627962","702120",2,"-0.243775039517558",2.24377503951756
"3599","262799","702124",3,"1.13159205862098",1.86840794137902
"3604","1350388","702124",3,"-0.25555216005345",3.25555216005345
"3607","4726648","702894",5,"1.06008785854712",3.93991214145288
"3614","2030990","702894",5,"-0.309454357592239",5.30945435759224
"3616","1135786","703616",3,"-1.19089260602953",4.19089260602953
"3618","5093231","703616",2,"-1.81037988364762",3.81037988364762
"3624","1421901","703616",3,"0.128309906157625",2.87169009384237
"3627","3093794","703616",2,"-0.0129718736753864",2.01297187367539
"3630","4799505","705423",5,"-0.685659162078294",5.68565916207829
"3633","4330819","705423",5,"0.821684063641196",4.1783159363588
"3637","2342196","705509",1,"0.312708399394577",0.687291600605423
"3638","2912814","705509",1,"0.136598601038066",0.863401398961934
"3647","2113812","705935",3,"-0.0517335492926914",3.05173354929269
"3654","1899420","706170",3,"1.83121284455092",1.16878715544908
"3670","5351733","713715",5,"0.172181308083175",4.82781869191682
"3671","531200","713715",4,"1.49523839851647",2.50476160148353
"3672","57920","713715",3,"0.511375084407989",2.48862491559201
"3679","4286813","714243",4,"-0.150186337006258",4.15018633700626
"3680","1421901","714243",4,"-0.944697277665401",4.9446972776654
"3697","3984496","714520",3,"-0.498401010024572",3.49840101002457
"3698","5127223","714520",3,"0.78423876346397",2.21576123653603
"3702","1486411","714884",2,"-0.646242788789292",2.64624278878929
"3704","4100544","714884",1,"0.227173930841787",0.772826069158213
"3715","2296343","715799",5,"0.966610662777442",4.03338933722256
"3717","3955041","715799",3,"-0.46881724703398",3.46881724703398
"3740","3892282","716781",3,"-0.259010701193831",3.25901070119383
"3744","5446448","716781",2,"0.350670039611541",1.64932996038846
"3745","4108308","716781",1,"-0.0673578579276486",1.06735785792765
"3746","2131687","716781",3,"-0.744987052881227",3.74498705288123
"3747","1219810","719623",4,"0.0938993730655554",3.90610062693444
"3748","5445555","719623",3,"-0.290603319216924",3.29060331921692
"3755","3544416","721291",3,"-0.188791398991898",3.1887913989919
"3760","627962","721291",4,"-0.899113482620882",4.89911348262088
"3766","4937229","721897",3,"0.324990455972718",2.67500954402728
"3777","4456680","724346",3,"-0.00418735062929513",3.0041873506293
"3778","5537923","724346",3,"-0.897374388387452",3.89737438838745
"3779","3765319","724346",3,"-0.06569807359155",3.06569807359155
"3780","453818","724346",5,"-0.25235512692669",5.25235512692669
"3782","2707013","724346",3,"1.84697494478531",1.15302505521469
"3789","2941133","728144",5,"0.550184539129317",4.44981546087068
"3794","2724950","728145",3,"1.71194328798849",1.28805671201151
"3795","3960806","728145",4,"-0.402548476796366",4.40254847679637
"3796","3886755","728145",3,"-0.564807574993999",3.564807574994
"3800","5706763","728145",3,"0.132825789205509",2.86717421079449
"3805","4156667","728527",3,"0.947696664868955",2.05230333513104
"3806","3724795","728527",4,"0.735950999154291",3.26404900084571
"3810","1256454","728713",3,"-0.36137223533145",3.36137223533145
"3812","3821129","728713",3,"0.0900366085855403",2.90996339141446
"3823","2131687","729260",3,"0.0618955829054716",2.93810441709453
"3831","187580","729317",1,"-0.151723963232849",1.15172396323285
"3834","2324005","729317",2,"-0.260463551120282",2.26046355112028
"3836","2324005","729395",2,"-0.0731447355880219",2.07314473558802
"3837","4412129","729395",2,"-1.74188937114917",3.74188937114917
"3865","1772563","731834",2,"0.64023290918343",1.35976709081657
"3871","4100482","731834",3,"-0.100810509750971",3.10081050975097
"3875","2510107","732509",4,"0.279439304992169",3.72056069500783
"3879","3466926","732509",4,"0.782214194154947",3.21778580584505
"3889","673543","733654",3,"0.839040934774108",2.16095906522589
"3891","4641285","734886",1,"1.27563149878769",0.27563149878769
"3895","3892282","734886",1,"-0.164586038397688",1.16458603839769
"3900","5435558","735973",4,"0.654867254672341",3.34513274532766
"3905","4155386","735973",2,"-0.911331228450445",2.91133122845044
"3906","808981","735973",3,"-0.0875043106116802",3.08750431061168
"3913","5619477","740374",5,"1.08703252373261",3.91296747626739
"3917","3399045","740616",2,"-0.0666687325881859",2.06666873258819
"3927","3597538","740995",3,"1.32752310555035",1.67247689444965
"3931","1350388","741043",3,"1.20388144353501",1.79611855646499
"3935","294984","741043",2,"0.104236250038098",1.8957637499619
"3941","2191136","741398",4,"0.679380414093402",3.3206195859066
"3943","4189952","741398",1,"0.0946099755566552",0.905390024443345
"3956","3556952","742160",3,"0.0583420584945031",2.9416579415055
"3961","4651226","742634",2,"0.48514961025764",1.51485038974236
"3963","2510107","742634",1,"0.638400994369843",0.361599005630157
"3967","3608337","744158",2,"1.02447187199019",0.97552812800981
"3971","1336633","744158",2,"0.380146798390062",1.61985320160994
"3972","2296343","744158",3,"-0.12872729077322",3.12872729077322
"3973","1899420","744158",3,"0.0925196262374571",2.90748037376254
"3976","2008330","744158",4,"0.465193987204677",3.53480601279532
"3986","1319480","744386",3,"-0.232179939633231",3.23217993963323
"3997","1502797","744520",4,"0.19202150115674",3.80797849884326
"4003","1219810","744574",3,"1.03331524797495",1.96668475202505
"4008","505271","744574",1,"-0.229405630056611",1.22940563005661
"4009","3505809","744574",3,"-1.3458184774569",4.3458184774569
"4013","1406783","744659",3,"2.57209442970775",0.42790557029225
"4020","2900177","746067",3,"0.777187803860144",2.22281219613986
"4024","1337152","746067",3,"2.43546650817453",0.56453349182547
"4025","5379475","746067",1,"0.792753990721277",0.207246009278723
"4031","3886540","746067",3,"0.0840336453441571",2.91596635465584
"4038","2131687","746807",3,"-0.0799684933960678",3.07996849339607
"4049","4202425","750743",3,"-0.161847293721552",3.16184729372155
"4054","2293300","751774",3,"0.618047618525766",2.38195238147423
"4057","2450395","751774",3,"0.601833336166589",2.39816666383341
"4058","3892074","751774",3,"1.30244591588652",1.69755408411348
"4061","1552059","751774",1,"-1.27248405167071",2.27248405167071
"4070","5646154","753720",3,"1.66521117549477",1.33478882450523
"4081","358394","754020",2,"-0.32060945759668",2.32060945759668
"4087","3478967","754613",1,"0.695316858480168",0.304683141519832
"4092","2686549","754613",2,"-0.58766118295918",2.58766118295918
"4095","4937229","754613",2,"0.0161810825682656",1.98381891743173
"4097","4489932","754613",3,"-0.149357641776686",3.14935764177669
"4099","306166","754613",2,"0.299100674109203",1.7008993258908
"4103","2526812","755431",3,"-0.177063270251219",3.17706327025122
"4115","4117053","758475",4,"0.901256392862488",3.09874360713751
"4116","5484579","758475",3,"-0.742378204567495",3.74237820456749
"4117","4644013","758475",2,"-0.169615675815264",2.16961567581526
"4121","4415881","758475",3,"0.296397454405409",2.70360254559459
"4126","5011601","758600",1,"1.20091230301878",0.20091230301878
"4129","3042726","758600",3,"0.755576750323839",2.24442324967616
"4132","798559","758600",3,"1.93626417815604",1.06373582184396
"4133","4799505","758600",1,"1.62235926811965",0.62235926811965
"4143","4905127","759299",4,"0.712611430364882",3.28738856963512
"4149","3192554","759402",3,"0.0113522994948325",2.98864770050517
"4154","2008330","759402",2,"0.667247307274377",1.33275269272562
"4155","2047798","759402",3,"-0.886049649475892",3.88604964947589
"4161","399461","760035",4,"-1.11639570220914",5.11639570220914
"4164","3718408","760035",3,"-1.34556271703809",4.34556271703809
"4178","4945128","761411",3,"1.01012970545783",1.98987029454217
"4186","4897970","768274",5,"1.54393570442432",3.45606429557568
"4192","3224082","768274",5,"1.78875109214821",3.21124890785179
"4194","187580","768274",3,"-0.306854476203376",3.30685447620338
"4214","4875280","770281",3,"0.121428096795429",2.87857190320457
"4217","2450395","771217",4,"-0.208688527877783",4.20868852787778
"4219","1468271","771217",3,"0.789315233609165",2.21068476639083
"4228","2778131","771343",3,"0.739379374596109",2.26062062540389
"4230","2395278","771343",3,"1.52544888968637",1.47455111031363
"4231","4175055","771343",4,"0.942811501742955",3.05718849825704
"4236","5706763","771758",4,"-0.589462373014378",4.58946237301438
"4242","5720466","771758",4,"-1.52514795712621",5.52514795712621
"4244","4330819","771758",4,"-1.24615405908957",5.24615405908957
"4245","3644216","771758",5,"-0.594299828841333",5.59429982884133
"4246","2691000","771758",4,"-1.33879009720831",5.33879009720831
"4248","1738291","772511",3,"0.977475516686995",2.022524483313
"4258","216385","772511",3,"-0.147072939946733",3.14707293994673
"4260","2724950","772511",3,"-0.00502731038962898",3.00502731038963
"4267","798559","775655",2,"0.747130212203434",1.25286978779657
"4271","4106698","775655",1,"1.12449406469527",0.12449406469527
"4280","4722235","776288",2,"-0.429314553405582",2.42931455340558
"4285","1030587","778820",1,"-1.04854363488456",2.04854363488456
"4287","2826744","778820",2,"0.000551038851161755",1.99944896114884
"4288","1552059","778820",2,"0.0470566159846334",1.95294338401537
"4297","1626796","779175",2,"0.235998405020151",1.76400159497985
"4300","4691280","779175",3,"0.386008174643144",2.61399182535686
"4304","4106698","779225",2,"0.138426364649761",1.86157363535024
"4312","1772563","779297",3,"0.348623390818943",2.65137660918106
"4323","5023084","780674",1,"-0.0977590954375859",1.09775909543759
"4330","3327797","780873",2,"0.369350074806041",1.63064992519396
"4351","195580","782254",5,"0.388633698979714",4.61136630102029
"4354","2105984","782254",2,"-0.4325168986002",2.4325168986002
"4355","4830630","782254",1,"0.417117015423243",0.582882984576757
"4357","3821129","782254",2,"0.362231385242609",1.63776861475739
"4358","4521818","783348",5,"-0.387490780702238",5.38749078070224
"4364","4663170","783348",3,"-0.154911904788782",3.15491190478878
"4370","4503528","784277",4,"1.18476912141358",2.81523087858642
"4391","532034","785432",3,"1.76375837594266",1.23624162405734
"4392","57920","785432",3,"1.35991423774766",1.64008576225234
"4400","4663170","787331",1,"-0.0531747967807804",1.05317479678078
"4404","3308880","788351",3,"1.06038925670381",1.93961074329619
"4406","57920","788351",2,"0.0236418165106388",1.97635818348936
"4408","2493425","788351",2,"0.698769606320221",1.30123039367978
"4414","3477524","788351",2,"-0.398672172733235",2.39867217273324
"4427","2699033","789743",5,"-0.148574861565888",5.14857486156589
"4428","57920","789743",1,"0.28462523186954",0.71537476813046
"4431","4117053","791690",5,"1.13414384996888",3.86585615003112
"4437","505271","791690",3,"1.44671871002764",1.55328128997236
"4452","4179993","793845",2,"0.721200197717618",1.27879980228238
"4457","2952948","793845",3,"0.555435591366353",2.44456440863365
"4463","2188439","794322",4,"-0.443398701655903",4.4433987016559
"4465","195580","794322",2,"-0.794192387971705",2.79419238797171
"4466","2526812","794322",3,"0.372938505189597",2.6270614948104
"4471","2047798","794927",2,"1.17341804279268",0.82658195720732
"4472","4309450","794927",1,"-0.734671588790645",1.73467158879064
"4474","3724795","794927",1,"-0.076979337117587",1.07697933711759
"4475","3260805","794927",1,"1.79322532713578",0.79322532713578
"4486","4260264","796683",3,"0.254513478821213",2.74548652117879
"4489","2826744","798189",2,"-0.0293499312166482",2.02934993121665
"4492","4579810","798189",2,"-0.049907490948603",2.0499074909486
"4493","5196152","798189",3,"0.427225625401301",2.5727743745987
"4495","5022420","798189",3,"0.95313408896804",2.04686591103196
"4496","2354909","798941",3,"-0.0319399808213824",3.03193998082138
"4500","1352286","798941",3,"0.0280838769144456",2.97191612308555
"4501","1899420","798941",3,"-0.310906628316279",3.31090662831628
"4507","3085202","800095",2,"0.937628637165229",1.06237136283477
"4508","4937229","800095",1,"0.463454222526781",0.536545777473219
"4512","798559","800095",4,"0.797393447302377",3.20260655269762
"4519","5134169","800723",3,"-0.00796442143974825",3.00796442143975
"4523","3960806","801544",3,"-0.196579871678203",3.1965798716782
"4524","2674028","801544",1,"0.939346200912765",0.060653799087235
"4532","510307","802052",3,"0.24064867266012",2.75935132733988
"4533","4668971","802052",3,"0.618983191541734",2.38101680845827
"4534","186729","802052",3,"-0.320543040643559",3.32054304064356
"4536","3788782","802052",4,"-1.20047272394993",5.20047272394993
"4543","2064560","805368",2,"0.0223331909336002",1.9776668090664
"4559","3984496","807531",2,"-0.00152968627833264",2.00152968627833
"4561","4959941","807531",3,"0.582626142407921",2.41737385759208
"4566","399461","807531",4,"-0.839436133829978",4.83943613382998
"4567","4202425","809177",1,"-0.743400703697883",1.74340070369788
"4579","4937229","810730",3,"-0.189136176290849",3.18913617629085
"4581","4100544","810730",4,"1.09246802838592",2.90753197161408
"4587","4905127","811651",3,"2.06288467095017",0.93711532904983
"4588","4175055","811651",3,"-0.0744502837009081",3.07445028370091
"4598","4537149","814991",2,"0.497098687097527",1.50290131290247
"4602","1598424","815050",3,"0.877018569342009",2.12298143065799
"4608","950010","815872",1,"0.554802280695176",0.445197719304824
"4612","494281","815872",1,"1.12830578354264",0.12830578354264
"4614","5299179","816048",3,"-0.330699081760714",3.33069908176071
"4616","2686549","816048",2,"-2.23344079194296",4.23344079194296
"4621","3026717","816048",3,"0.371322953389825",2.62867704661017
